,gene,plate,row,column,area.48,mean_intensity.48,corrected_area.48,corrected_mean_intensity.48
0,Sc_CCM 10,0,0,0,,,,
1,Filler,0,0,1,77.0,0.0011256503886835864,55.72247918593895,0.0009828370183204973
2,Sc_CCM 14,0,0,2,93.0,0.0011055300563017063,74.10768335273573,0.0009880587660119073
3,Filler,0,0,3,101.0,0.0011091859524582312,76.41282122133187,0.0009939702615548633
4,Sc_CCM 08,0,0,4,12.0,0.0004423577052600116,9.709219858156029,0.00040117282948732034
5,Filler,0,0,5,97.0,0.0011116364796877306,76.36170212765958,0.0009888775103240504
6,Sc_CCM 11,0,0,6,100.0,0.0011376875104650418,78.72340425531915,0.0010120517034412817
7,Filler,0,0,7,108.0,0.0011243723126387168,85.02127659574468,0.0010002069143249088
8,Sc_CCM 30,0,0,8,112.0,0.0011703551549573392,88.17021276595744,0.0010411118319490912
9,Filler,0,0,9,113.0,0.001118504961873026,88.95744680851064,0.000994987500133856
10,Sc_CCM 13,0,0,10,112.0,0.001122861071852562,88.17021276595744,0.0009988625611542278
11,Filler,0,0,11,90.0,0.0011638850826328753,70.85106382978724,0.0010353562552576625
12,Sc_CCM 15,0,0,12,102.0,0.0014224546082801186,80.29787234042553,0.0012653717265379352
13,Filler,0,0,13,111.0,0.0011648536531628961,87.38297872340426,0.0010362178657137798
14,0.0,0,0,14,4.0,,3.148936170212766,
15,Filler,0,0,15,108.0,0.0011239383464347662,85.02127659574468,0.0009998208713808629
16,Sc_CCM 25,0,0,16,70.0,0.0020044757595720653,55.1063829787234,0.0017831197831752945
17,Filler,0,0,17,102.0,0.0010746430883500336,80.29787234042553,0.0009559693309030752
18,Sc_CCM 21,0,0,18,53.0,0.0015293943588234292,41.72340425531915,0.001360502028758361
19,Filler,0,0,19,109.0,0.001098495747637405,85.80851063829788,0.0009771879205784785
20,Sc_CCM 16,0,0,20,100.0,0.001482804300133676,78.72340425531915,0.001319056950187427
21,Filler,0,0,21,,,,
22,Sc_CCM 12,0,0,22,,,,
23,Filler,0,0,23,,,,
24,Filler,0,1,0,,,,
25,Filler,0,1,1,70.0,0.0010578003645149523,64.34782608695652,0.0010382501024503526
26,Filler,0,1,2,79.0,0.0010128461212496821,73.50880338975696,0.0009987901507006744
27,Filler,0,1,3,83.0,0.0010053107254082842,73.3254819714447,0.0009940034843634608
28,Filler,0,1,4,81.0,0.001018438495068814,76.52795031055899,0.0010190870482353856
29,Filler,0,1,5,82.0,0.001015935478229056,75.37888198757764,0.0009971589628237033
30,Filler,0,1,6,82.0,0.0010287127753311957,75.37888198757764,0.0010097001099724078
31,Filler,0,1,7,85.0,0.0010235698565686864,78.13664596273291,0.0010046522426136954
32,Filler,0,1,8,85.0,0.001019212796452054,78.13664596273291,0.0010003757096645409
33,Filler,0,1,9,83.0,0.0010260188128798288,76.29813664596273,0.0010070559373241866
34,Filler,0,1,10,80.0,0.0010140194731775545,73.54037267080744,0.0009952783693698254
35,Filler,0,1,11,77.0,0.0010236504844575306,70.78260869565217,0.0010047313803382236
36,Filler,0,1,12,78.0,0.0010382547765019536,71.70186335403726,0.0010190657559160671
37,Filler,0,1,13,67.0,0.0010356999898405302,61.59006211180124,0.0010165581868114017
38,Filler,0,1,14,80.0,0.0010511967044275774,73.54037267080744,0.001031768491182041
39,Filler,0,1,15,76.0,0.0010264990697566067,69.86335403726707,0.0010075273180953075
40,Filler,0,1,16,79.0,0.0009983365833906024,72.62111801242236,0.0009798853306885737
41,Filler,0,1,17,86.0,0.0009961890150237262,79.05590062111801,0.0009777774536715803
42,Filler,0,1,18,84.0,0.0009925656340180403,77.21739130434783,0.0009742210399790069
43,Filler,0,1,19,87.0,0.001015458803978153,79.9751552795031,0.0009966910984643804
44,Filler,0,1,20,81.0,0.0010590795726171803,74.45962732919254,0.001039505668233602
45,Filler,0,1,21,,,,
46,Filler,0,1,22,,,,
47,Filler,0,1,23,,,,
48,Sc_CCM 16,0,2,0,,,,
49,Filler,0,2,1,69.0,0.0010240247080192007,64.20389156826874,0.0010098136044414778
50,Sc_CCM 09,0,2,2,85.0,0.00045147393700198065,86.03899883585564,0.00045359180078986713
51,Filler,0,2,3,80.0,0.0009610631760688447,77.82289887062878,0.0009726884728783295
52,Sc_CCM 10,0,2,4,43.0,0.0004748078742062058,44.73465593066873,0.0004863272776675962
53,Filler,0,2,5,69.0,0.000956799544651023,69.84342258440046,0.0009612878903600551
54,0.0,0,2,6,,,,
55,Filler,0,2,7,79.0,0.00100535864263971,79.96565774155995,0.001010074779028943
56,Sc_CCM 08,0,2,8,24.0,0.0006571326457390572,24.29336437718277,0.0006602152543243734
57,Filler,0,2,9,76.0,0.0009953112059321238,76.9289871944121,0.0009999802098057894
58,Sc_CCM 21,0,2,10,54.0,0.0013994385393665874,54.66006984866123,0.0014060033041580582
59,Filler,0,2,11,76.0,0.0010152460146395572,76.9289871944121,0.0010200085326809735
60,Sc_CCM 14,0,2,12,94.0,0.0010571171057001398,95.14901047729919,0.0010620760409879324
61,Filler,0,2,13,72.0,0.001009221972005871,72.8800931315483,0.001013956231269305
62,Sc_CCM 19,0,2,14,65.0,0.001152172604710374,65.79452852153666,0.001157577445249154
63,Filler,0,2,15,69.0,0.0009844687215769337,69.84342258440046,0.0009890868633673103
64,Sc_CCM 31,0,2,16,46.0,0.001119064850177437,46.56228172293364,0.001124314382272746
65,Filler,0,2,17,73.0,0.0009671925255446024,73.89231664726425,0.0009717296247166337
66,Sc_CCM 10,0,2,18,46.0,0.00048091277928708187,46.56228172293364,0.0004831687406547466
67,Filler,0,2,19,83.0,0.0009904138800645012,84.01455180442375,0.0009950599105874095
68,0.0,0,2,20,,,,
69,Filler,0,2,21,73.0,0.001053966228625758,73.89231664726425,0.0010589103831523392
70,Sc_CCM 00,0,2,22,125.0,0.00042440704972086346,126.52793946449358,0.0004263979427675281
71,Filler,0,2,23,,,,
72,Filler,0,3,0,79.0,0.0010659032285974088,59.76844432163581,0.0009551834916166022
73,Filler,0,3,1,82.0,0.001010578440274547,72.44204242962007,0.0009992119505613836
74,Filler,0,3,2,83.0,0.0009803315442960291,80.74125757827737,0.0009921899168337837
75,Filler,0,3,3,73.0,0.0009520425526574127,70.15584415584415,0.0009590597849157646
76,Filler,0,3,4,75.0,0.0009471750413304787,74.08008658008657,0.0009727422321649932
77,Filler,0,3,5,75.0,0.0009759045368748585,72.07792207792208,0.0009830976489664505
78,Filler,0,3,6,77.0,0.0009932164483403604,74.0,0.001000537161559917
79,Filler,0,3,7,76.0,0.00099833619973591,73.03896103896103,0.0010056946491727684
80,Filler,0,3,8,77.0,0.000998576103231548,74.0,0.0010059363209281799
81,Filler,0,3,9,68.0,0.0009896307466022933,65.35064935064935,0.0009969250306440418
82,Filler,0,3,10,71.0,0.001002814770766677,68.23376623376623,0.0010102062304644956
83,Filler,0,3,11,74.0,0.0010106485024040054,71.11688311688312,0.0010180977022881165
84,Filler,0,3,12,78.0,0.0010201455901565843,74.96103896103897,0.0010276647903472485
85,Filler,0,3,13,76.0,0.0010208909506751146,73.03896103896103,0.0010284156447041165
86,Filler,0,3,14,78.0,0.0010238414934292546,74.96103896103897,0.0010313879350615923
87,Filler,0,3,15,73.0,0.001000352306143168,70.15584415584415,0.0010077256157213909
88,Filler,0,3,16,73.0,0.0009910670206173485,70.15584415584415,0.0009983718910224083
89,Filler,0,3,17,72.0,0.0009602539015580083,69.1948051948052,0.0009673316573110601
90,Filler,0,3,18,79.0,0.0009582256517547718,75.92207792207792,0.0009652884578609748
91,Filler,0,3,19,81.0,0.000969773983392701,77.84415584415585,0.000976921908935082
92,Filler,0,3,20,87.0,0.0010002745831254934,83.6103896103896,0.0010076473198296725
93,Filler,0,3,21,82.0,0.0010148043275021292,78.8051948051948,0.0010222841587796136
94,Filler,0,3,22,62.0,0.000991332656860933,59.58441558441558,0.0009986394851944618
95,Filler,0,3,23,74.0,0.001070094801257319,71.11688311688312,0.0010779821627391324
96,Sc_CCM 14,0,4,0,92.0,0.0010530995372992772,74.43735224586288,0.000955052700759025
97,Filler,0,4,1,76.0,0.0009722592835647345,71.80400276052448,0.0009728784292864815
98,Sc_CCM 08,0,4,2,25.0,0.0006409745708146986,26.00852088992368,0.000656525375868322
99,Filler,0,4,3,72.0,0.000942373579706283,71.11688311688312,0.0009678111642058818
100,Sc_CCM 26,0,4,4,41.0,0.0012677912048549578,42.138888888888886,0.0012924862747607044
101,Filler,0,4,5,78.0,0.0009605410683155961,80.16666666666666,0.000979251269757724
102,Sc_CCM 11,0,4,6,77.0,0.001006374398760528,79.13888888888889,0.0010259773791515998
103,Filler,0,4,7,68.0,0.0009764851355639154,69.88888888888889,0.0009955059085368847
104,Sc_CCM 00,0,4,8,101.0,0.0005122536220978771,103.80555555555554,0.0005222317154611499
105,Filler,0,4,9,62.0,0.0009829320466428002,63.722222222222214,0.0010020783978017984
106,Sc_CCM 12,0,4,10,87.0,0.001175602434348324,89.41666666666666,0.001198501776279726
107,Filler,0,4,11,73.0,0.0010160249459938173,75.02777777777777,0.0010358159076058048
108,Sc_CCM 12,0,4,12,89.0,0.0012012614854966532,91.47222222222221,0.0012246606353297006
109,Filler,0,4,13,72.0,0.001018626449584481,74.0,0.001038468085402746
110,Sc_CCM 31,0,4,14,,,,
111,Filler,0,4,15,70.0,0.0009915491225326034,71.94444444444444,0.001010863324115762
112,Sc_CCM 17,0,4,16,54.0,0.0011486969499208454,55.49999999999999,0.0011710722049077724
113,Filler,0,4,17,70.0,0.0009509895388537047,71.94444444444444,0.0009695136878237338
114,Sc_CCM 29,0,4,18,69.0,0.0009354987504153204,70.91666666666666,0.0009537211571884357
115,Filler,0,4,19,73.0,0.0009331086608222397,75.02777777777777,0.0009512845114831529
116,Sc_CCM 32,0,4,20,85.0,0.0012148318253256529,87.3611111111111,0.0012384953092930897
117,Filler,0,4,21,75.0,0.0009662505978614793,77.08333333333333,0.0009850720141714217
118,Sc_CCM 15,0,4,22,101.0,0.0012622813812435008,103.80555555555554,0.0012868691263163159
119,Filler,0,4,23,81.0,0.00102879947916886,83.24999999999999,0.00104883927354492
120,Filler,0,5,0,94.0,0.001035056104635121,74.0,0.0009207539717343673
121,Filler,0,5,1,83.0,0.0009887958980737267,76.29813664596273,0.0009705209762791905
122,Filler,0,5,2,82.0,0.0009763606319529463,83.00232828870779,0.000980940738702989
123,Filler,0,5,3,77.0,0.0009546009983731693,74.0,0.0009616370882001852
124,Filler,0,5,4,78.0,0.0009574397374811209,80.16666666666666,0.0009760895286747276
125,Filler,0,5,5,70.0,0.0009627040951366191,70.0,0.0009627040951366191
126,Filler,0,5,6,72.0,0.0009797039763401554,72.0,0.0009797039763401554
127,Filler,0,5,7,76.0,0.0009986159327972858,76.0,0.0009986159327972858
128,Filler,0,5,8,69.0,0.0009994996406572864,69.0,0.0009994996406572864
129,Filler,0,5,9,66.0,0.0010033769330396057,66.0,0.0010033769330396057
130,Filler,0,5,10,70.0,0.001005212486568732,70.0,0.001005212486568732
131,Filler,0,5,11,71.0,0.0010171905277360739,71.0,0.0010171905277360739
132,Filler,0,5,12,66.0,0.0010063980672556563,66.0,0.0010063980672556563
133,Filler,0,5,13,74.0,0.0010302712494582125,74.0,0.0010302712494582125
134,Filler,0,5,14,73.0,0.001023718421870409,73.0,0.001023718421870409
135,Filler,0,5,15,73.0,0.0010043832237098468,73.0,0.0010043832237098468
136,Filler,0,5,16,70.0,0.000980467809608587,70.0,0.000980467809608587
137,Filler,0,5,17,77.0,0.0009703572768938348,77.0,0.0009703572768938348
138,Filler,0,5,18,74.0,0.0009500821722495693,74.0,0.0009500821722495693
139,Filler,0,5,19,67.0,0.0009277458085489058,67.0,0.0009277458085489058
140,Filler,0,5,20,73.0,0.0008991310156216992,73.0,0.0008991310156216992
141,Filler,0,5,21,71.0,0.0009399565841177745,71.0,0.0009399565841177745
142,Filler,0,5,22,69.0,0.0009505604445033065,69.0,0.0009505604445033065
143,Filler,0,5,23,95.0,0.0010155687287034816,95.0,0.0010155687287034816
144,Sc_CCM 00,0,6,0,113.0,0.0004315395823539871,88.95744680851064,0.0003838842963523171
145,Filler,0,6,1,85.0,0.0009925868208949776,78.13664596273291,0.0009742418352801703
146,Sc_CCM 31,0,6,2,,,,
147,Filler,0,6,3,77.0,0.0009687596216976446,74.0,0.0009759000706712649
148,Sc_CCM 29,0,6,4,56.0,0.0009275141507813147,57.55555555555555,0.0009455810270180324
149,Filler,0,6,5,68.0,0.0009596042746908808,68.0,0.0009596042746908808
150,Sc_CCM 30,0,6,6,92.0,0.0010496672309315332,92.0,0.0010496672309315332
151,Filler,0,6,7,74.0,0.0010072184385148788,74.0,0.0010072184385148788
152,0.0,0,6,8,,,,
153,Filler,0,6,9,73.0,0.001023562109242023,73.0,0.001023562109242023
154,Sc_CCM 23,0,6,10,56.0,0.001411012232587509,56.0,0.001411012232587509
155,Filler,0,6,11,67.0,0.001017703546613721,67.0,0.001017703546613721
156,Sc_CCM 30,0,6,12,101.0,0.001094703912825771,101.0,0.001094703912825771
157,Filler,0,6,13,71.0,0.0010308712890286249,71.0,0.0010308712890286249
158,0.0,0,6,14,,,,
159,Filler,0,6,15,73.0,0.0010064995627456354,73.0,0.0010064995627456354
160,Sc_CCM 15,0,6,16,90.0,0.0012223045236005067,90.0,0.0012223045236005067
161,Filler,0,6,17,68.0,0.0009567012781001187,68.0,0.0009567012781001187
162,Sc_CCM 23,0,6,18,53.0,0.0013255283121989675,53.0,0.0013255283121989675
163,Filler,0,6,19,67.0,0.0009173875704996003,67.0,0.0009173875704996003
164,Sc_CCM 28,0,6,20,55.0,0.001856539519150915,55.0,0.001856539519150915
165,Filler,0,6,21,73.0,0.0009375180693252489,73.0,0.0009375180693252489
166,Sc_CCM 32,0,6,22,91.0,0.0012545125710506679,91.0,0.0012545125710506679
167,Filler,0,6,23,90.0,0.001020697011578193,90.0,0.001020697011578193
168,Filler,0,7,0,86.0,0.0010370243887785607,67.70212765957447,0.0009225048965726037
169,Filler,0,7,1,87.0,0.0009964129947999747,79.9751552795031,0.0009779972938545088
170,Filler,0,7,2,82.0,0.0009806231776310645,83.00232828870779,0.000985223279978629
171,Filler,0,7,3,77.0,0.0009604949592377073,74.0,0.0009675744917576918
172,Filler,0,7,4,68.0,0.0009648395785443587,69.88888888888889,0.0009836335098705425
173,Filler,0,7,5,72.0,0.0009737657560144553,72.0,0.0009737657560144553
174,Filler,0,7,6,67.0,0.000982754540419842,67.0,0.000982754540419842
175,Filler,0,7,7,72.0,0.0009990399027509393,72.0,0.0009990399027509393
176,Filler,0,7,8,71.0,0.001003082583433941,71.0,0.001003082583433941
177,Filler,0,7,9,74.0,0.0010157406038862177,74.0,0.0010157406038862177
178,Filler,0,7,10,74.0,0.0010209371833678157,74.0,0.0010209371833678157
179,Filler,0,7,11,78.0,0.001051750894028039,78.0,0.001051750894028039
180,Filler,0,7,12,71.0,0.0010187622521428182,71.0,0.0010187622521428182
181,Filler,0,7,13,74.0,0.0010332053263949338,74.0,0.0010332053263949338
182,Filler,0,7,14,73.0,0.0010189147736138365,73.0,0.0010189147736138365
183,Filler,0,7,15,74.0,0.0010049339354708713,74.0,0.0010049339354708713
184,Filler,0,7,16,71.0,0.0009817441036347808,71.0,0.0009817441036347808
185,Filler,0,7,17,76.0,0.0009762695601515147,76.0,0.0009762695601515147
186,Filler,0,7,18,74.0,0.0009614279691672851,74.0,0.0009614279691672851
187,Filler,0,7,19,72.0,0.000942163668601966,72.0,0.000942163668601966
188,Filler,0,7,20,77.0,0.0009330243297657641,77.0,0.0009330243297657641
189,Filler,0,7,21,76.0,0.0009473386556833415,76.0,0.0009473386556833415
190,Filler,0,7,22,71.0,0.0009528428802215573,71.0,0.0009528428802215573
191,Filler,0,7,23,87.0,0.0010366760943319332,87.0,0.0010366760943319332
192,Sc_CCM 16,0,8,0,91.0,0.0013615675415183295,71.63829787234043,0.0012112084707519737
193,Filler,0,8,1,72.0,0.000983426281618475,66.1863354037267,0.0009652506010535773
194,Sc_CCM 32,0,8,2,92.0,0.0012416887013923478,93.12456344586728,0.0012475134618513222
195,Filler,0,8,3,67.0,0.0009471059195050466,64.38961038961038,0.0009540867652580813
196,Sc_CCM 27,0,8,4,52.0,0.001380681342005726,53.44444444444444,0.0014075753779698675
197,Filler,0,8,5,67.0,0.000959776447777119,67.0,0.000959776447777119
198,Sc_CCM 29,0,8,6,67.0,0.0009702428769047678,67.0,0.0009702428769047678
199,Filler,0,8,7,73.0,0.0009824633122922284,73.0,0.0009824633122922284
200,Sc_CCM 27,0,8,8,60.0,0.0015620609590641563,60.0,0.0015620609590641563
201,Filler,0,8,9,76.0,0.001006716447372982,76.0,0.001006716447372982
202,Sc_CCM 19,0,8,10,59.0,0.0011328092573145926,59.0,0.0011328092573145926
203,Filler,0,8,11,72.0,0.0010269286975589894,72.0,0.0010269286975589894
204,Sc_CCM 00,0,8,12,117.0,0.0005516653715990267,117.0,0.0005516653715990267
205,Filler,0,8,13,71.0,0.0010069206993703675,71.0,0.0010069206993703675
206,Sc_CCM 23,0,8,14,55.0,0.0013957466402604079,55.0,0.0013957466402604079
207,Filler,0,8,15,70.0,0.0009918363908532296,70.0,0.0009918363908532296
208,Sc_CCM 13,0,8,16,96.0,0.0010267582981559956,96.0,0.0010267582981559956
209,Filler,0,8,17,72.0,0.0009607908112570956,72.0,0.0009607908112570956
210,Sc_CCM 21,0,8,18,48.0,0.001289737892189466,48.0,0.001289737892189466
211,Filler,0,8,19,66.0,0.0009283398392295537,66.0,0.0009283398392295537
212,Sc_CCM 29,0,8,20,61.0,0.0009090001867077678,61.0,0.0009090001867077678
213,Filler,0,8,21,68.0,0.000946618101821341,68.0,0.000946618101821341
214,Sc_CCM 09,0,8,22,92.0,0.00046373181624199624,92.0,0.00046373181624199624
215,Filler,0,8,23,82.0,0.0010249111526540581,82.0,0.0010249111526540581
216,Filler,0,9,0,82.0,0.0010432942147993725,64.55319148936171,0.0009280823403313467
217,Filler,0,9,1,86.0,0.0009965954330106283,79.05590062111801,0.00097817636024289
218,Filler,0,9,2,81.0,0.000966314334741037,81.99010477299184,0.0009708473143208852
219,Filler,0,9,3,86.0,0.0009643230555978646,82.64935064935065,0.0009714308039168086
220,Filler,0,9,4,67.0,0.0009351735847265719,68.8611111111111,0.0009533896576575026
221,Filler,0,9,5,83.0,0.00098430623779417,83.0,0.00098430623779417
222,Filler,0,9,6,70.0,0.0009663805440935108,70.0,0.0009663805440935108
223,Filler,0,9,7,75.0,0.0009713583128389151,75.0,0.0009713583128389151
224,Filler,0,9,8,75.0,0.0009567430420343892,75.0,0.0009567430420343892
225,Filler,0,9,9,79.0,0.0009914181448085545,79.0,0.0009914181448085545
226,Filler,0,9,10,71.0,0.0009825513315166005,71.0,0.0009825513315166005
227,Filler,0,9,11,73.0,0.001016193663389435,73.0,0.001016193663389435
228,Filler,0,9,12,72.0,0.00100411883889751,72.0,0.00100411883889751
229,Filler,0,9,13,73.0,0.0010005608761592642,73.0,0.0010005608761592642
230,Filler,0,9,14,70.0,0.0009732180151798197,70.0,0.0009732180151798197
231,Filler,0,9,15,71.0,0.0009592730627104001,71.0,0.0009592730627104001
232,Filler,0,9,16,73.0,0.0009502475466496404,73.0,0.0009502475466496404
233,Filler,0,9,17,71.0,0.0009408215761999791,71.0,0.0009408215761999791
234,Filler,0,9,18,72.0,0.0009300497910458871,72.0,0.0009300497910458871
235,Filler,0,9,19,70.0,0.0009258551063195527,70.0,0.0009258551063195527
236,Filler,0,9,20,70.0,0.0009158407794126373,70.0,0.0009158407794126373
237,Filler,0,9,21,76.0,0.0009422855533016787,76.0,0.0009422855533016787
238,Filler,0,9,22,80.0,0.0009687957563407032,80.0,0.0009687957563407032
239,Filler,0,9,23,87.0,0.0010265952475202,87.0,0.0010265952475202
240,Sc_CCM 15,0,10,0,77.0,0.001315959874173296,60.61702127659575,0.0011706372972074414
241,Filler,0,10,1,80.0,0.0010017341868401501,73.54037267080744,0.0009832201396448895
242,Sc_CCM 23,0,10,2,44.0,0.0013269296283216366,44.53783469150174,0.0013331542538837623
243,Filler,0,10,3,79.0,0.0009585819372699063,75.92207792207792,0.0009656473694543272
244,Sc_CCM 19,0,10,4,49.0,0.0010431934301314656,50.36111111111111,0.0010635136016105377
245,Filler,0,10,5,69.0,0.0009523551001002203,69.0,0.0009523551001002203
246,Sc_CCM 31,0,10,6,48.0,0.001077667401170379,48.0,0.001077667401170379
247,Filler,0,10,7,68.0,0.000943950504440739,68.0,0.000943950504440739
248,Sc_CCM 25,0,10,8,61.0,0.0017828197705001636,61.0,0.0017828197705001636
249,Filler,0,10,9,76.0,0.00096092612838809,76.0,0.00096092612838809
250,Sc_CCM 17,0,10,10,61.0,0.0011478557088157502,61.0,0.0011478557088157502
251,Filler,0,10,11,73.0,0.0009960802813913966,73.0,0.0009960802813913966
252,Sc_CCM 27,0,10,12,62.0,0.001373272732872396,62.0,0.001373272732872396
253,Filler,0,10,13,71.0,0.0009769615685466537,71.0,0.0009769615685466537
254,Sc_CCM 30,0,10,14,106.0,0.0010438484691890058,106.0,0.0010438484691890058
255,Filler,0,10,15,73.0,0.0009402283480776978,73.0,0.0009402283480776978
256,Sc_CCM 28,0,10,16,61.0,0.002016164418661571,61.0,0.002016164418661571
257,Filler,0,10,17,69.0,0.000914044048483426,69.0,0.000914044048483426
258,Sc_CCM 28,0,10,18,58.0,0.0018811578043388569,58.0,0.0018811578043388569
259,Filler,0,10,19,68.0,0.0008921336402925073,68.0,0.0008921336402925073
260,Sc_CCM 25,0,10,20,62.0,0.0017693014203957111,62.0,0.0017693014203957111
261,Filler,0,10,21,75.0,0.0009361652388795511,75.0,0.0009361652388795511
262,Sc_CCM 11,0,10,22,85.0,0.0009915263945569908,85.0,0.0009915263945569908
263,Filler,0,10,23,93.0,0.0010459819310447767,93.0,0.0010459819310447767
264,Filler,0,11,0,85.0,0.001098506479958468,66.91489361702128,0.0009771974677201265
265,Filler,0,11,1,80.0,0.0010376772161425022,73.54037267080744,0.0010184988700248465
266,Filler,0,11,2,91.0,0.0010114830610939243,92.11233993015134,0.0010162279271240136
267,Filler,0,11,3,90.0,0.0009846871214838125,86.49350649350649,0.0009919449674844695
268,Filler,0,11,4,84.0,0.0009772854104556255,86.33333333333333,0.0009963217718348867
269,Filler,0,11,5,75.0,0.0009703402559664383,75.0,0.0009703402559664383
270,Filler,0,11,6,81.0,0.0009970967144311287,81.0,0.0009970967144311287
271,Filler,0,11,7,73.0,0.0009649697684127224,73.0,0.0009649697684127224
272,Filler,0,11,8,85.0,0.0009718757510437247,85.0,0.0009718757510437247
273,Filler,0,11,9,80.0,0.000982960083416276,80.0,0.000982960083416276
274,Filler,0,11,10,75.0,0.0009708448895515402,75.0,0.0009708448895515402
275,Filler,0,11,11,72.0,0.0009826765105375836,72.0,0.0009826765105375836
276,Filler,0,11,12,74.0,0.0009606213817169045,74.0,0.0009606213817169045
277,Filler,0,11,13,73.0,0.0009579595156502454,73.0,0.0009579595156502454
278,Filler,0,11,14,74.0,0.0009422439421642784,74.0,0.0009422439421642784
279,Filler,0,11,15,78.0,0.0009437119916293306,78.0,0.0009437119916293306
280,Filler,0,11,16,77.0,0.000949200126950933,77.0,0.000949200126950933
281,Filler,0,11,17,73.0,0.0009359973041944947,73.0,0.0009359973041944947
282,Filler,0,11,18,73.0,0.0009332290539479646,73.0,0.0009332290539479646
283,Filler,0,11,19,81.0,0.0009596495082379159,81.0,0.0009596495082379159
284,Filler,0,11,20,82.0,0.0009719743749279983,82.0,0.0009719743749279983
285,Filler,0,11,21,81.0,0.0009955778745913157,81.0,0.0009955778745913157
286,Filler,0,11,22,82.0,0.0010193862361795288,82.0,0.0010193862361795288
287,Filler,0,11,23,92.0,0.0010803854987574085,92.0,0.0010803854987574085
288,0.0,0,12,0,,,,
289,Filler,0,12,1,60.0,0.001091342116566496,55.15527950310559,0.0010711719359759518
290,Sc_CCM 13,0,12,2,99.0,0.0010763678500296631,100.21012805587893,0.0010814170905398923
291,Filler,0,12,3,77.0,0.000993102630766344,74.0,0.0010004225050692474
292,Sc_CCM 11,0,12,4,72.0,0.0009784688755761965,74.0,0.0009975282894531968
293,Filler,0,12,5,78.0,0.0009800287001660618,78.0,0.0009800287001660618
294,0.0,0,12,6,,,,
295,Filler,0,12,7,74.0,0.000982133088653868,74.0,0.000982133088653868
296,Sc_CCM 10,0,12,8,30.0,0.0004999125700578168,30.0,0.0004999125700578168
297,Filler,0,12,9,73.0,0.0009629136483231644,73.0,0.0009629136483231644
298,Sc_CCM 26,0,12,10,51.0,0.0014899227057508597,51.0,0.0014899227057508597
299,Filler,0,12,11,77.0,0.00096969411112642,77.0,0.00096969411112642
300,Sc_CCM 28,0,12,12,60.0,0.0020495172968578402,60.0,0.0020495172968578402
301,Filler,0,12,13,76.0,0.0009403483426053632,76.0,0.0009403483426053632
302,Sc_CCM 25,0,12,14,60.0,0.0017769825988674687,60.0,0.0017769825988674687
303,Filler,0,12,15,74.0,0.000945158807359024,74.0,0.000945158807359024
304,Sc_CCM 08,0,12,16,26.0,0.0006115315173862255,26.0,0.0006115315173862255
305,Filler,0,12,17,70.0,0.0009549471332887802,70.0,0.0009549471332887802
306,Sc_CCM 12,0,12,18,97.0,0.0011706755621900952,97.0,0.0011706755621900952
307,Filler,0,12,19,77.0,0.0009940692118787808,77.0,0.0009940692118787808
308,0.0,0,12,20,,,,
309,Filler,0,12,21,84.0,0.001072863972282765,84.0,0.001072863972282765
310,Sc_CCM 14,0,12,22,78.0,0.0010983723614092305,78.0,0.0010983723614092305
311,Filler,0,12,23,56.0,0.0010971037982185068,56.0,0.0010971037982185068
312,Filler,0,13,0,,,,
313,Filler,0,13,1,,,,
314,Filler,0,13,2,72.0,0.0011018055202253968,72.8800931315483,0.0011069740888211264
315,Filler,0,13,3,90.0,0.0010545818369438287,86.49350649350649,0.0010623548568205329
316,Filler,0,13,4,89.0,0.0010124954187036767,91.47222222222221,0.0010322176293077454
317,Filler,0,13,5,92.0,0.0010015923871453042,92.0,0.0010015923871453042
318,Filler,0,13,6,79.0,0.0009909461969091204,79.0,0.0009909461969091204
319,Filler,0,13,7,86.0,0.0009916283635025788,86.0,0.0009916283635025788
320,Filler,0,13,8,90.0,0.0009972333781815615,90.0,0.0009972333781815615
321,Filler,0,13,9,85.0,0.0009911803648138611,85.0,0.0009911803648138611
322,Filler,0,13,10,81.0,0.0009786797015957833,81.0,0.0009786797015957833
323,Filler,0,13,11,72.0,0.0009661704098524559,72.0,0.0009661704098524559
324,Filler,0,13,12,87.0,0.0009835026605344895,87.0,0.0009835026605344895
325,Filler,0,13,13,87.0,0.0009763590541687205,87.0,0.0009763590541687205
326,Filler,0,13,14,77.0,0.0009569583806034855,77.0,0.0009569583806034855
327,Filler,0,13,15,83.0,0.0009713302628019546,83.0,0.0009713302628019546
328,Filler,0,13,16,83.0,0.0009867607949028126,83.0,0.0009867607949028126
329,Filler,0,13,17,88.0,0.0009937978267585159,88.0,0.0009937978267585159
330,Filler,0,13,18,81.0,0.000997338648760149,81.0,0.000997338648760149
331,Filler,0,13,19,87.0,0.0010385215605090764,87.0,0.0010385215605090764
332,Filler,0,13,20,87.0,0.001103919544401147,87.0,0.001103919544401147
333,Filler,0,13,21,23.0,0.0009808789140447259,23.0,0.0009808789140447259
334,Filler,0,13,22,,,,
335,Filler,0,13,23,,,,
336,Sc_CCM 09,0,14,0,,,,
337,Filler,0,14,1,,,,
338,Sc_CCM 17,0,14,2,,,,
339,Filler,0,14,3,73.0,0.0010664019120316481,70.15584415584415,0.0010742620542874633
340,Sc_CCM 26,0,14,4,46.0,0.0013413712950522156,47.27777777777777,0.001367499617897511
341,Filler,0,14,5,82.0,0.0009969250306440418,82.0,0.0009969250306440418
342,Sc_CCM 16,0,14,6,81.0,0.001269716150100827,81.0,0.001269716150100827
343,Filler,0,14,7,83.0,0.0010007608716209974,83.0,0.0010007608716209974
344,Sc_CCM 09,0,14,8,92.0,0.0004922447421848545,92.0,0.0004922447421848545
345,Filler,0,14,9,81.0,0.0010025234155615636,81.0,0.0010025234155615636
346,Sc_CCM 32,0,14,10,87.0,0.00127222002123691,87.0,0.00127222002123691
347,Filler,0,14,11,89.0,0.0010211450137283162,89.0,0.0010211450137283162
348,Sc_CCM 27,0,14,12,61.0,0.0015496611561607045,61.0,0.0015496611561607045
349,Filler,0,14,13,89.0,0.001008595896171251,89.0,0.001008595896171251
350,Sc_CCM 17,0,14,14,60.0,0.0011723340161593565,60.0,0.0011723340161593565
351,Filler,0,14,15,92.0,0.001008353557423438,92.0,0.001008353557423438
352,Sc_CCM 21,0,14,16,55.0,0.0013962230053857227,55.0,0.0013962230053857227
353,Filler,0,14,17,80.0,0.0009931319838710115,80.0,0.0009931319838710115
354,Sc_CCM 19,0,14,18,51.0,0.001144165595038306,51.0,0.001144165595038306
355,Filler,0,14,19,88.0,0.0010755412095428474,88.0,0.0010755412095428474
356,Sc_CCM 26,0,14,20,,,,
357,Filler,0,14,21,,,,
358,Sc_CCM 13,0,14,22,,,,
359,Filler,0,14,23,,,,
360,Filler,0,15,0,,,,
361,Filler,0,15,1,,,,
362,Filler,0,15,2,,,,
363,Filler,0,15,3,91.0,0.0011665732841659934,87.45454545454545,0.0011751717608396793
364,Filler,0,15,4,85.0,0.0010939025141676155,87.3611111111111,0.0011152104384961582
365,Filler,0,15,5,109.0,0.0011079590700155458,109.0,0.0011079590700155458
366,Filler,0,15,6,108.0,0.001095688461519613,108.0,0.001095688461519613
367,Filler,0,15,7,107.0,0.0010989048312094246,107.0,0.0010989048312094246
368,Filler,0,15,8,106.0,0.0010948780370478944,106.0,0.0010948780370478944
369,Filler,0,15,9,108.0,0.0010981698085663636,108.0,0.0010981698085663636
370,Filler,0,15,10,105.0,0.001099062547722593,105.0,0.001099062547722593
371,Filler,0,15,11,113.0,0.0011210543494696633,113.0,0.0011210543494696633
372,Filler,0,15,12,113.0,0.001110729461789073,113.0,0.001110729461789073
373,Filler,0,15,13,121.0,0.0011057013629452955,121.0,0.0011057013629452955
374,Filler,0,15,14,108.0,0.001094334897181396,108.0,0.001094334897181396
375,Filler,0,15,15,119.0,0.0011062921119065205,119.0,0.0011062921119065205
376,Filler,0,15,16,113.0,0.001102531988833791,113.0,0.001102531988833791
377,Filler,0,15,17,107.0,0.0011012731673575896,107.0,0.0011012731673575896
378,Filler,0,15,18,107.0,0.0011174901413705178,107.0,0.0011174901413705178
379,Filler,0,15,19,105.0,0.0011573163289880545,105.0,0.0011573163289880545
380,Filler,0,15,20,,,,
381,Filler,0,15,21,,,,
382,Filler,0,15,22,,,,
383,Filler,0,15,23,,,,
